Caption,Tipo,Canais,Post time,Reach,Likes,Comments,Shares,Saves,Interações,Visitas ao perfil,Toques no site,botão de texto,Impressões,Na Pag Inicial,no perfil ,Hashtags,de Explorar,De Outra Pessoa,Seguidores
post1,Moda,Carrossel,4/1/2021,9367,128,2,5,21,27,16,11,0,10.548,4178,5699,0,647,44,1
post2,Moda,Carrossel,4/2/2021,17647,493,36,8,75,180,155,25,0,19956,11482,5840,0,1845,174,17
post3,Moda,Carrossel,4/3/2021,14858,398,2,13,46,104,85,19,0,17300,9106,5431,0,2480,207,1
post4,Marca,Carrossel,4/3/2021,13938,331,5,5,33,118,92,26,0,15882,9801,4823,0,936,176,5
post5,AA,Foto,4/4/2021,46799,1525,27,22,107,2003,1656,347,0,49465,26034,13787,13.787,5637,75,97
post6,AA,Carrossel,4/4/2021,9094,115,0,1,10,51,36,15,0,10186,5061,4422,0,569,127,3
post7,Moda,Foto,4/5/2021,10476,185,3,8,28,42,34,8,0,11360,6507,4203,0,368,155,2
post8,Moda,Carrossel,4/6/2021,6608,71,2,1,10,14,11,3,0,4114,3034,4114,0,286,105,1
post9,Moda,Carrossel,4/6/2021,10987,302,10,5,32,77,64,13,0,12364,6227,4479,0,1354,101,4
post10,Moda,Carrossel,4/7/2021,9790,199,9,3,39,62,51,11,0,11133,3967,4738,0,2188,115,4
post11,Institucional,Video,4/8/2021,8194,124,20,4,14,50,40,10,0,8888,3788,4740,173,0,72,2
post12,AA,Carrossel,4/8/2021,7392,98,2,6,9,35,26,9,0,8744,3252,4801,0,578,101,3
post13,Moda,Carrossel,4/9/2021,6701,98,2,1,20,36,28,8,0,7886,2552,4811,0,377,94,0
post14,Influencer,Carrossel,4/10/2021,10024,231,2,5,15,66,53,13,0,11959,5834,4505,0,1392,69,5
post15,Moda,Carrossel,4/11/2021,12514,257,8,4,31,76,64,12,0,14142,6847,4499,0,2389,83,5
post16,Moda,Carrossel,4/12/2021,6676,155,0,3,13,39,34,5,0,7580,2791,4265,0,373,62,3
post17,Institucional,Video,4/13/2021,6678,71,0,1,19,82,59,23,0,7115,2234,4120,0,649,15,4
post18,Influencer,Carrossel,4/13/2021,10074,303,17,5,33,87,78,9,0,11426,5352,5181,0,758,42,7
post19,Moda,Carrossel,4/14/2021,10016,307,9,6,43,61,50,11,0,11541,4734,5081,0,1548,79,8
post20,Influencer,Reels,4/15/2021,13926,318,10,0,22,0,0,0,0,13926,0,0,0,0,0,0
post21,Moda,Carrossel,4/15/2021,13235,333,11,12,88,83,69,14,0,14832,7365,4014,0,3252,96,6
post22,Institucional,Carrossel,4/16/2021,12746,419,44,30,45,122,114,8,0,14346,5092,5243,0,3556,386,23
post23,Marca,Carrossel,4/17/2021,16894,493,14,11,78,133,114,19,0,19220,10988,4874,0,2867,60,6
post24,Institucional,Foto,4/17/2021,7567,41,0,1,2,26,17,9,0,8139,3353,4506,0,137,6,1
post25,Influencer,Carrossel,4/18/2021,10315,251,8,6,23,41,31,10,0,11864,4567,6196,0,874,53,1
post26,AA,Carrossel,4/19/2021,24350,864,38,42,164,504,367,137,0,27794,16667,6536,0,3605,150,55
post27,Influencer,Carrossel,4/20/2021,10935,313,4,7,31,66,59,7,0,11857,4935,5293,0,1053,78,12
post28,Moda,Carrossel,4/21/2021,9149,254,8,4,19,69,53,16,0,10406,5536,4084,0,647,53,2
post29,Institucional,Foto,4/21/2021,12684,235,0,2,18,261,216,45,0,13391,8684,3923,0,542,6,4
post30,Influencer,Reels,4/22/2021,32020,1930,117,0,180,0,0,0,0,32020,0,0,0,0,0,0
post31,Influencer,Carrossel,4/22/2021,10629,234,6,7,35,99,79,20,0,11730,4987,5034,0,1173,20,2
post32,Influencer,Carrossel,4/23/2021,7817,104,2,1,6,15,14,1,0,8474,2655,4848,0,717,56,4
post33,Influencer,Carrossel,4/24/2021,11779,304,12,5,22,107,82,25,0,13424,5829,5355,0,1838,55,8
post34,Influencer,Carrossel,4/25/2021,9934,231,16,6,62,94,72,22,0,11549,5044,5061,0,955,60,8
post35,Moda,Carrossel,4/26/2021,8144,141,8,2,19,41,32,9,0,9315,4105,3889,0,1297,22,2
post36,Influencer,Reels,4/27/2021,9503,241,13,0,21,0,0,0,0,9503,0,0,0,0,0,0
post37,Marca,Carrossel,4/27/2021,7411,168,5,3,16,53,43,10,0,8509,3271,4387,0,704,46,6
post38,Influencer,Foto,4/28/2021,7003,87,0,3,3,20,20,0,0,7740,2484,4860,0,328,30,2
post39,Moda,Carrossel,4/28/2021,11245,265,34,10,68,218,145,73,0,12602,5441,4982,0,1588,80,18
post40,Marca,Video,4/29/2021,6709,40,0,0,4,28,24,4,0,7556,1708,5442,0,403,17,0
post41,Moda,Foto,4/30/2021,22040,979,33,10,76,247,213,34,0,24137,12137,5841,0,3002,109,38
post42,Moda,Foto,4/30/2021,8137,96,3,1,10,38,20,10,0,8514,3064,4952,0,415,25,6
post43,Moda,Carrossel,5/1/2021,27476,996,27,20,161,432,315,117,0,31385,20910,4810,0,5290,93,16
post44,Influencer,Foto,5/2/2021,15064,332,12,8,6,83,67,16,0,15959,6239,5152,0,2359,80,6
post45,Moda,Carrossel,5/3/2021,9288,196,15,10,47,97,72,25,0,10448,4762,4653,0,844,32,6
post46,Institucional,Foto,5/4/2021,7795,82,4,0,4,27,21,6,0,8459,3023,5071,0,291,11,0
post47,Influencer,Carrossel,5/4/2021,11223,358,20,8,102,99,83,16,0,12691,5554,5363,0,1385,90,20
post48,Moda,Carrossel,5/5/2021,6351,62,1,2,4,24,17,7,0,7391,2548,4211,0,609,10,4
post49,Influencer,Reels,5/6/2021,7676,204,9,0,27,0,0,0,0,7676,0,0,0,0,0,0
post50,Moda,Carrossel,5/6/2021,8739,202,0,4,22,58,43,15,0,10135,4782,4212,0,1106,26,8
post51,Moda,Carrossel,5/7/2021,10257,230,0,11,38,89,73,16,0,12196,6181,4417,0,1546,45,2
post52,Moda,Carrossel,5/8/2021,12158,299,18,10,33,118,104,14,0,13647,7715,3881,0,1629,37,8
post53,Institucional,Reels,5/9/2021,5448,117,9,0,5,0,0,0,0,5448,0,0,0,0,0,0
post54,Influencer,Carrossel,5/10/2021,6702,94,3,4,22,30,25,5,0,7904,2588,4726,0,548,33,12
post55,Moda,Carrossel,5/10/2021,12114,322,8,5,38,126,110,16,0,14201,6763,4835,0,1959,40,14
post56,Influencer,Carrossel,5/11/2021,12644,653,33,6,47,117,99,18,0,14862,9164,4161,0,1102,49,10
post57,Marca,Carrossel,5/12/2021,6131,88,2,4,11,35,21,14,0,7113,2449,4121,0,506,29,0
post58,Moda,Carrossel,5/12/2021,11433,264,5,5,20,115,103,12,0,12632,5329,4324,0,2247,49,18
post59,Moda,Carrossel,5/13/2021,6682,122,12,9,26,35,30,5,0,7668,2622,4533,0,383,42,8
post60,AA,Carrossel,5/13/2021,17208,712,19,35,118,284,246,38,0,20253,11748,5220,0,2121,161,28
post61,Moda,Carrossel,5/14/2021,20270,603,18,15,66,283,223,60,0,24115,15309,4753,0,3503,73,28
post62,Institucional,Carrossel,5/15/2021,9654,184,5,0,33,75,55,20,0,11763,6241,4469,0,904,56,8
post63,Influencer,Carrossel,5/17/2021,19066,1236,33,24,126,261,206,55,0,22267,15437,4047,0,2264,175,28
post64,Moda,Carrossel,5/17/2021,7122,113,5,2,18,35,28,7,0,8016,3556,3524,0,878,7,0
post65,Moda,Carrossel,5/18/2021,5653,95,4,5,14,33,27,6,0,6460,2924,3130,0,331,61,4
post66,Influencer,Carrossel,5/18/2021,5214,77,2,0,5,16,11,5,0,5944,2147,3366,0,419,6,0
post67,Moda,Carrossel,5/19/2021,9882,235,3,11,56,76,60,16,0,10904,3743,4049,0,2898,76,10
post68,Influencer,Foto,5/20/2021,6369,96,3,8,25,40,35,5,0,4834,2243,3626,0,855,42,6
post69,AA,Carrossel,5/21/2021,5926,65,4,3,14,30,22,8,0,6921,2599,3107,0,1191,13,2
post70,Influencer,Carrossel,5/21/2021,5653,73,3,0,8,33,31,2,0,6663,3314,3222,0,66,57,2
post71,Moda,Carrossel,5/22/2021,6070,117,0,2,16,35,29,6,0,7243,3611,3265,0,163,61,2
post72,Marca,Carrossel,5/23/2021,6774,105,6,2,26,34,24,10,0,7836,3399,3738,0,668,23,2
post73,Moda,Foto,5/23/2021,7023,113,0,6,30,55,47,8,0,7753,3715,3448,0,478,64,8
post74,Institucional,Carrossel,5/24/2021,3840,11,0,2,2,6,5,1,0,4697,2911,1432,0,341,6,0
post75,Moda,Carrossel,5/24/2021,9006,234,25,4,23,95,82,13,0,10202,5015,3403,0,1296,49,12
post76,Influencer,Carrossel,5/25/2021,6255,174,5,2,22,43,37,6,0,7216,2864,3377,0,939,26,2
post77,Influencer,Carrossel,5/25/2021,7062,171,10,1,15,43,37,6,0,8144,4230,2835,0,1067,12,2
post78,Institucional,Video,5/26/2021,3532,18,0,0,1,0,0,0,0,4179,1246,2710,0,213,1,0
post79,Influencer,Carrossel,5/26/2021,5282,104,5,3,17,33,26,7,0,6050,2735,2810,0,470,16,2
post80,Institucional,Carrossel,5/27/2021,5635,49,0,5,1,9,8,1,0,6499,2558,2880,0,1048,11,6
post81,Moda,Carrossel,5/28/2021,5558,55,0,1,10,16,14,2,0,6485,1883,3986,0,539,69,6
post82,Marca,Foto,5/29/2021,9273,164,21,14,50,120,91,29,0,10314,4953,4488,0,456,52,8
post83,Marca,Foto,5/29/2021,13959,379,2,20,63,151,130,21,0,16184,9566,3727,0,1716,139,16
post84,Institucional,Video,5/30/2021,4785,21,0,3,3,20,17,3,0,5619,2026,2769,0,811,11,4
post85,Moda,Foto,5/31/2021,4616,71,2,0,15,37,27,10,0,5208,2089,2900,0,181,20,2
post86,Institucional,Video,5/31/2021,4891,58,0,6,3,24,18,6,0,5363,2059,2734,0,500,7,2
post87,Institucional,Video,6/1/2021,3455,12,0,2,0,7,5,2,0,4115,1377,2603,0,128,3,0
post88,Influencer,Carrossel,6/1/2021,4443,89,2,1,26,29,22,7,0,5302,2077,2635,0,571,16,0
post89,Influencer,Reels,6/1/2021,7709,173,4,2,11,0,0,0,0,7709,0,0,0,0,0,0
post90,Institucional,Video,6/2/2021,3418,12,3,0,0,7,7,0,0,4273,1482,2701,0,77,6,2
post91,Marca,Carrossel,6/2/2021,3847,43,2,1,5,13,11,2,0,4796,1478,2866,0,386,61,0
post92,Institucional,Video,6/2/2021,4816,17,0,0,2,23,15,8,0,5871,1635,3797,0,425,4,2
post93,AA,Carrossel,6/2/2021,17236,558,15,19,95,168,139,29,0,19597,9781,4664,0,4474,114,14
post94,Institucional,Video,6/2/2021,14760,342,42,5,31,404,295,109,0,16613,11041,4283,0,886,403,6
post95,Institucional,Video,6/3/2021,4120,14,2,0,0,7,5,2,0,4719,1535,3008,0,115,5,0
post96,Moda,Carrossel,6/3/2021,7093,105,5,0,14,31,26,5,0,8397,3838,3123,0,1368,35,2
post97,Influencer,Carrossel,6/4/2021,5971,79,0,2,14,39,33,6,0,7298,2666,3388,0,1186,51,4
post98,Institucional,Carrossel,6/4/2021,7169,84,2,0,6,41,37,4,0,8500,3691,3971,0,829,3,0
post99,Marca,Foto,6/5/2021,10406,213,4,4,34,62,49,13,0,11648,6114,4272,0,926,86,4
post100,Influencer,Carrossel,6/6/2021,19138,691,5,9,36,273,227,46,0,22654,13179,4571,0,4749,89,30
post101,Moda,Carrossel,6/7/2021,6320,130,4,15,48,70,54,16,0,7612,4431,2279,0,836,48,6
post102,Moda,Carrossel,6/8/2021,11714,294,11,7,42,127,100,27,0,14123,8091,4177,0,1645,56,14
post103,Influencer,Carrossel,6/8/2021,6585,163,7,3,10,61,53,8,0,7886,3122,3870,0,722,51,2
post104,Moda,Carrossel,6/9/2021,7475,160,0,5,30,44,39,5,0,9184,3711,4495,0,930,43,4
post105,Moda,Carrossel,6/10/2021,13196,464,14,12,69,171,142,29,0,16089,6301,4685,0,4978,73,22
post106,AA,Carrossel,6/10/2021,20228,1499,54,43,120,277,236,41,0,23521,12098,3928,0,7105,169,36
post107,Influencer,Carrossel,6/11/2021,11985,228,7,6,41,148,117,31,0,14328,6887,3621,0,3541,21,6
post108,Moda,Foto,6/12/2021,5480,71,0,2,8,25,21,4,0,6238,2323,3538,0,290,50,2
post109,Influencer,Carrossel,6/12/2021,5322,90,11,4,12,26,17,9,0,6633,2467,3769,0,373,19,2
post110,Moda,Carrossel,6/13/2021,15577,356,11,10,38,132,106,26,0,18484,10937,4323,0,2937,54,8
post111,Moda,Carrossel,6/14/2021,9611,200,9,11,77,145,107,38,0,12001,6340,4485,0,1061,84,4
post112,Moda,Carrossel,6/15/2021,8906,236,26,7,28,75,65,10,0,10941,4880,4065,0,1705,84,8
post113,Influencer,Foto,6/15/2021,6143,145,6,4,16,38,28,10,0,7327,3102,3509,0,463,31,6
post114,AA,Foto,6/16/2021,47658,2546,30,765,297,313,291,22,0,51365,24838,0,14271,8744,546,54
post115,Moda,Carrossel,6/17/2021,5358,73,2,1,8,10,9,1,0,6746,2720,3497,0,410,30,0
post116,Marca,Carrossel,6/17/2021,20204,755,14,7,27,284,235,49,0,23608,12105,4180,3948,0,16,40
post117,Marca,Carrossel,6/18/2021,11707,481,6,7,35,150,123,26,1,14696,9984,3458,0,1144,68,0
post118,Influencer,Carrossel,6/19/2021,6861,177,5,5,12,40,36,4,0,8806,4898,2959,0,868,72,2
post119,Moda,Foto,6/20/2021,5984,103,6,2,5,45,39,6,0,7035,3969,2624,0,310,79,2
post120,Marca,Carrossel,6/21/2021,5773,103,1,1,7,20,19,1,0,7371,3565,3372,0,350,75,4
post121,Marca,Carrossel,6/21/2021,5657,133,12,7,55,75,54,21,0,7534,3068,3523,0,336,53,6
post122,Moda,Carrossel,6/22/2021,7271,181,1,10,17,56,47,9,0,8916,4892,2811,0,1137,72,6
post123,Marca,Foto,6/23/2021,5251,119,5,0,4,24,22,2,0,6460,3215,2739,0,342,84,4
post124,Marca,Foto,6/24/2021,3893,64,0,3,10,16,12,4,0,5148,1524,2987,0,465,106,2
post125,Moda,Carrossel,6/24/2021,4443,93,5,3,15,22,18,4,0,6385,3069,3124,0,162,19,4
post126,Marca,Carrossel,6/25/2021,20793,983,35,29,88,359,308,51,0,26438,18648,2762,0,4151,119,28
post127,AA,Video,6/25/2021,3827,32,4,2,4,11,10,1,0,4982,2223,2579,0,158,15,2
post128,Moda,Foto,6/26/2021,19867,1200,20,28,33,239,219,20,0,22876,13199,3136,0,4414,166,20
post129,Influencer,Carrossel,6/26/2021,10199,336,13,3,17,84,73,11,0,11804,7147,3212,0,751,95,6
post130,Marca,Carrossel,6/27/2021,10800,432,7,8,34,110,91,19,0,14437,10066,2895,0,845,119,12
post131,Moda,Carrossel,6/27/2021,6290,201,4,2,19,47,38,9,0,8348,4804,2557,0,651,77,8
post132,Influencer,Carrossel,6/28/2021,4010,72,8,1,16,30,25,5,0,5716,3167,2349,0,85,74,4
post133,Moda,Carrossel,6/29/2021,3314,72,5,3,4,10,7,3,0,5183,2186,2734,0,119,122,0
post134,Moda,Foto,6/29/2021,11926,547,16,10,59,175,152,23,0,14792,10076,3190,802,0,249,12
post135,Marca,Foto,6/30/2021,18271,972,9,19,98,341,280,61,0,20889,15874,2654,0,1409,172,28
post136,Marca,Carrossel,7/1/2021,2963,57,0,1,8,16,15,1,0,4728,1812,2185,0,549,139,2
post137,Influencer,Carrossel,7/1/2021,8406,353,4,4,24,119,96,23,0,11816,8910,2110,0,520,132,8
post138,Institucional,Carrossel,7/2/2021,4880,128,4,1,8,48,38,10,0,7495,4868,2169,0,300,129,0
post139,Moda,Carrossel,7/3/2021,14559,644,7,8,52,249,201,48,0,19339,15268,2109,0,1774,141,14
post140,AA,Reels,7/4/2021,29064,1242,14,19,72,0,0,0,0,29064,0,0,0,0,0,0
post141,Moda,Carrossel,7/5/2021,8912,303,8,4,27,117,104,13,0,10240,6979,2342,0,777,113,6
post142,Moda,Carrossel,7/6/2021,9107,276,8,4,32,105,86,19,0,10495,7316,2071,0,820,122,4
post143,Institucional,Carrossel,7/6/2021,6219,101,6,3,17,52,39,13,0,7282,5373,1688,0,208,5,0
post144,Moda,Carrossel,7/7/2021,3450,62,4,1,3,34,24,10,0,4103,2248,1652,0,193,6,0
post145,Moda,Carrossel,7/8/2021,4105,95,0,2,13,12,11,1,0,4838,2926,1519,0,256,137,0
post146,AA,Foto,7/8/2021,3764,62,0,24,12,19,14,5,0,4066,2143,1532,0,279,41,4
post147,Moda,Carrossel,7/9/2021,5533,136,5,1,14,52,41,11,0,6240,3958,1652,0,466,131,0
post148,Influencer,Reels,7/10/2021,9670,273,18,6,20,0,0,0,0,9670,0,0,0,0,0,0
post149,Moda,Carrossel,7/10/2021,8687,134,9,7,14,72,58,14,0,10369,7918,2040,0,296,87,0
post150,Influencer,Carrossel,7/11/2021,17957,693,7,15,69,276,225,51,0,20561,16916,2026,0,1268,71,6
post151,AA,Foto,7/12/2021,21623,980,11,15,95,403,361,41,1,23549,17535,1679,3307,0,457,18
post152,Moda,Foto,7/13/2021,6115,147,4,1,11,37,32,5,0,6296,4053,1314,0,530,106,2
post153,Moda,Carrossel,7/14/2021,6611,67,0,2,2,30,22,8,0,3894,2489,1238,0,66,94,0
post154,Influencer,Carrossel,7/14/2021,6611,239,5,4,14,46,42,4,0,7801,5420,1347,0,875,125,0
post155,Moda,Carrossel,7/15/2021,9846,310,13,8,18,117,96,20,1,11689,9316,1367,0,736,157,2
post156,AA,Video,7/16/2021,4425,127,6,5,20,55,51,4,0,4594,2477,1273,0,509,257,12
post157,Influencer,Carrossel,7/16/2021,4365,63,1,0,8,29,21,8,0,5166,3882,1012,0,156,173,6
post158,Moda,Carrossel,7/17/2021,10003,272,2,5,30,84,68,16,0,11094,9076,762,0,1091,157,2
post159,AA,Foto,7/18/2021,5152,66,2,0,3,26,23,3,0,5270,4503,575,133,0,5,0
post160,Influencer,Reels,7/19/2021,3289,92,4,4,11,0,0,0,0,3289,0,0,0,0,0,0
post161,Moda,Foto,7/20/2021,12059,500,12,3,22,171,147,24,0,12362,10938,0,585,429,41,2
post162,Moda,Foto,7/21/2021,3294,82,0,0,8,24,23,1,0,3397,2808,284,0,232,42,2
post163,Moda,Foto,7/21/2021,2563,51,0,1,0,21,17,4,0,2610,2018,238,0,311,26,6
post164,AA,Carrossel,7/22/2021,9521,449,4,7,32,135,115,20,0,11236,10525,153,0,525,29,4
post165,Institucional,Foto,7/23/2021,4744,80,8,9,8,45,41,4,0,4919,3370,1084,0,392,9,2
post166,Moda,Foto,7/24/2021,10038,262,2,3,30,118,100,18,0,10530,8737,1041,0,569,6,4
post167,Moda,Foto,7/24/2021,4324,69,0,0,7,27,23,4,0,4410,2946,1108,0,285,2,2
post168,Influencer,Carrossel,7/25/2021,9791,402,6,5,33,159,135,24,0,11516,9418,859,0,1205,12,16
post169,AA,Foto,7/26/2021,3521,51,12,4,4,25,22,3,0,3748,2892,609,0,146,11,0
post170,Moda,Carrossel,7/27/2021,6100,184,10,0,15,65,52,13,0,7628,6721,565,0,318,5,0
post171,Institucional,Foto,7/27/2021,2427,23,0,0,0,50,33,17,0,2548,1779,670,0,670,5,0
post172,Influencer,Carrossel,7/28/2021,6051,255,4,3,25,73,66,7,0,7246,5966,705,0,552,14,10
post173,Moda,Carrossel,7/29/2021,8248,252,4,3,10,101,82,19,0,10004,8657,517,0,825,6,8
post174,Marca,Carrossel,7/30/2021,4655,182,4,3,13,81,64,17,0,5909,5154,454,0,288,6,4
post175,Influencer,Reels,7/30/2021,2431,53,0,1,7,0,0,0,0,2431,,,,,,
post176,Marca,Foto,7/31/2021,3428,72,0,0,2,37,30,7,0,3853,3302,350,0,129,4,0
post177,Institucional,Carrossel,8/1/2021,9235,278,3,6,33,116,94,22,0,11452,10047,818,0,564,17,2
post178,AA,Foto,8/2/2021,5159,58,11,2,9,20,16,4,0,5166,4361,738,63,0,4,0
post179,Influencer,Foto,8/3/2021,11879,459,9,6,36,154,128,25,1,12546,9728,0,1011,1016,21,20
post180,Marca,Video,8/3/2021,2454,33,3,1,0,12,10,2,0,2572,1889,576,0,90,16,2
post181,Moda,Carrossel,8/4/2021,4724,86,9,2,8,20,18,2,0,5518,5038,469,0,4,6,0
post182,Moda,Carrossel,8/4/2021,2796,64,2,2,10,22,17,5,0,3422,2740,517,0,157,6,0
post183,Moda,Foto,8/5/2021,2942,42,9,1,5,25,22,3,0,2982,2153,470,0,312,6,2
post184,Influencer,Carrossel,8/5/2021,2704,83,4,1,9,24,20,4,0,3199,2631,389,0,170,9,4
post185,Institucional,Carrossel,8/6/2021,15202,280,11,10,24,204,157,47,0,18492,17651,247,0,573,13,0
post186,Marca,Video,8/7/2021,1787,19,0,0,0,8,8,0,0,1837,1497,215,0,101,23,2
post187,Marca,Foto,8/7/2021,3099,31,0,0,3,22,18,4,0,3205,2576,206,0,353,3,0
post188,Influencer,Reels,8/8/2021,10526,174,6,2,6,0,0,0,0,10515,0,0,0,0,0,0
post189,Institucional,Carrossel,8/9/2021,7481,131,10,1,11,122,94,28,0,9281,8562,583,0,129,2,0
post190,Influencer,Carrossel,8/9/2021,3776,97,6,1,10,38,30,8,0,4446,3183,1008,0,239,14,0
post191,Institucional,Carrossel,8/9/2021,2892,32,4,0,1,19,16,3,0,3594,2838,708,0,42,3,0
post192,Institucional,Carrossel,8/10/2021,8837,249,6,14,29,157,124,33,0,10636,9217,981,0,406,15,6
post193,Moda,Carrossel,8/10/2021,4120,94,0,0,5,44,33,11,0,4999,4098,696,0,197,7,0
post194,AA,Foto,8/11/2021,2674,44,0,1,3,9,8,1,0,2773,2007,576,0,172,5,2
post195,Marca,Video,8/11/2021,2055,24,0,7,0,18,11,7,0,2172,1200,645,0,275,50,2
post196,Moda,Carrossel,8/12/2021,3538,78,0,2,14,50,47,3,0,4316,3233,718,0,361,4,2
post197,Institucional,Video,8/12/2021,3532,102,25,5,4,68,53,15,0,3820,2731,634,0,205,250,2
post198,Influencer,Foto,8/13/2021,4315,119,0,0,7,41,39,2,0,4518,3509,574,0,374,10,6
post199,Institucional,Foto,8/13/2021,2344,18,0,0,1,15,13,2,0,2473,1688,585,0,171,2,0
post200,Marca,Foto,8/14/2021,6482,119,4,6,8,85,69,16,0,6723,5225,633,0,688,11,6
post201,AA,Foto,8/14/2021,5305,54,6,0,0,65,57,8,0,5505,4846,487,100,0,3,0
post202,Marca,Carrossel,8/15/2021,12009,415,4,12,64,147,125,22,0,16095,11107,3572,0,1339,34,8
post203,Institucional,Carrossel,8/16/2021,5941,148,0,2,20,61,64,8,0,7924,5429,1806,0,672,12,0
post204,Institucional,Foto,8/16/2021,4859,84,0,1,5,20,17,3,0,6388,3322,2553,0,482,3,2
post205,Influencer,Reels,8/17/2021,5228,103,2,3,7,0,0,0,0,0,0,0,0,0,0,0
post206,Institucional,Video,8/17/2021,2678,38,0,0,2,31,24,7,0,0,0,0,0,0,0,0
post207,Influencer,Carrossel,8/18/2021,5512,260,2,5,31,59,51,8,0,7365,4612,2187,0,537,25,4
post208,AA,Foto,8/19/2021,8535,230,14,6,9,103,90,13,0,10289,7333,1710,0,862,28,6
post209,Institucional,Carrossel,8/20/2021,16607,641,18,32,97,270,235,34,1,23244,21245,1851,107,0,28,2
post210,Influencer,Reels,8/20/2021,2815,53,0,0,1,0,0,0,0,0,0,0,0,0,0,0
post211,Institucional,Carrossel,8/21/2021,7742,271,2,6,30,82,76,6,0,10373,7562,1916,0,872,21,4
post212,Marca,Foto,8/21/2021,2711,45,0,1,7,14,8,6,0,4030,2231,1646,0,84,13,2
post213,Influencer,Carrossel,8/22/2021,6704,221,5,1,19,77,64,13,0,8862,6627,1882,0,302,17,2
post214,Institucional,Carrossel,8/22/2021,3450,35,0,0,1,27,22,5,0,4805,2983,1725,0,89,4,0
post215,AA,Foto,8/23/2021,8667,170,10,8,13,35,31,4,0,9625,6954,1519,0,913,17,0
post216,Institucional,Carrossel,8/23/2021,2637,59,0,0,4,5,4,1,0,3830,2076,1569,0,168,16,0
post217,Influencer,Foto,8/24/2021,12271,382,4,4,24,142,131,11,0,13827,8899,1821,0,1933,25,8
post218,Moda,Foto,8/24/2021,5661,131,6,1,17,49,47,2,0,6693,2674,2082,0,2082,16,8
post219,Institucional,Foto,8/25/2021,3090,19,4,0,1,8,8,0,0,4043,2254,1669,0,110,8,2
post220,Moda,Carrossel,8/25/2021,2776,63,4,2,6,21,19,2,0,4114,2267,1724,0,100,20,4
post221,Influencer,Reels,8/26/2021,5547,168,5,3,14,0,0,0,0,0,0,0,0,0,0,0
post222,Institucional,Foto,8/27/2021,14015,661,10,8,44,382,352,30,0,16086,11369,2091,2220,0,118,66
post223,Moda,Carrossel,8/27/2021,5480,187,12,6,31,53,48,5,0,7456,5095,2055,0,273,23,0
post224,Institucional,Foto,8/28/2021,5946,64,4,0,0,51,43,8,0,7155,4932,1887,0,248,2,0
post225,Institucional,Video,8/28/2021,3289,31,0,0,8,26,18,8,0,0,0,0,0,0,0,0
post226,Moda,Carrossel,8/29/2021,17042,527,10,12,79,179,159,20,0,2084,17548,2427,0,619,27,10
post227,AA,Foto,8/30/2021,13376,475,30,24,36,81,74,7,0,13945,10770,1568,1288,0,118,2
post228,Influencer,Carrossel,8/31/2021,3954,87,2,3,10,41,31,10,0,4486,2711,1115,0,646,11,0
post229,Institucional,Foto,8/31/2021,3672,32,5,0,5,35,30,5,0,3850,2704,997,0,69,38,0
post230,Influencer,Carrossel,9/1/2021,25155,983,24,8,69,287,243,44,0,29263,26004,905,0,2188,30,2
post231,Influencer,Carrossel,9/1/2021,3381,89,9,4,12,30,28,2,0,4054,2922,1044,0,54,31,2
post232,Moda,Carrossel,9/2/2021,8315,122,0,3,10,52,43,9,0,9247,8274,888,0,74,10,0
post233,Influencer,Video,9/2/2021,3450,89,4,0,7,49,43,6,0,3953,2610,937,0,306,12,0
post234,Marca,Foto,9/3/2021,9976,427,4,11,61,125,111,14,0,10207,8192,1130,738,0,19,6
post235,Influencer,Foto,9/3/2021,7131,154,4,2,11,56,48,8,0,7609,5842,1112,0,449,16,4
post236,Marca,Foto,9/4/2021,5538,107,0,0,11,51,43,8,0,5861,4080,809,0,910,13,2
post237,AA,carrossel,9/1/2021,25155,983,24,8,69,287,243,44,0,29263,26004,905,0,2188,30,2
post238,Foto de lookbook,carrossel,9/1/2021,3381,89,9,4,12,30,28,2,0,4054,2922,1044,0,54,31,2
post239,Foto de lookbook,carrossel,9/2/2021,8315,122,0,3,10,52,43,9,0,9247,8274,888,0,74,10,0
post240,Influencer,Video/Gif,9/2/2021,3450,89,4,0,7,49,43,6,0,3953,2610,937,0,306,12,0
post241,AA,foto,9/3/2021,9976,427,4,11,61,125,111,14,0,10207,8192,1130,738,0,19,6
post242,Influencer,foto,9/3/2021,7131,154,4,2,11,56,48,8,0,7609,5842,1112,0,449,16,4
post243,marca,foto,9/4/2021,5538,107,0,0,11,51,43,8,0,5861,4080,809,0,910,13,2
post244,Influencer,carrossel,9/5/2021,7276,231,9,0,14,86,74,12,0,8426,6819,1435,0,91,62,2
post245,Institucional,carrossel,9/6/2021,4324,37,2,1,6,41,34,7,0,5424,4111,1282,0,8,19,2
post246,Influencer,carrossel,9/6/2021,6722,85,5,0,5,68,56,12,0,7582,5584,1655,0,335,6,0
post247,Foto de lookbook,carrossel,9/7/2021,27510,1284,29,16,172,615,544,69,2,31660,29605,1445,307,0,49,14
post248,Foto de lookbook,carrossel,9/8/2021,5189,94,6,4,14,33,29,4,0,5999,4700,1097,0,189,11,4
post249,AA,foto,9/8/2021,11503,375,7,7,20,90,79,11,0,11600,9732,1070,665,0,10,6
post250,Foto de lookbook,carrossel,9/9/2021,13001,441,4,6,61,138,116,22,0,16113,14643,1097,0,304,11,8
post251,Influencer,carrossel,9/9/2021,6897,170,2,2,11,53,50,3,0,7710,4414,896,0,2386,9,4
post252,AA,carrossel,9/10/2021,11409,496,8,6,33,163,142,21,0,14485,13874,588,0,12,8,0
post253,Institucional,foto,9/10/2021,9853,84,2,1,3,289,245,44,0,10135,9295,606,128,0,7,0
post254,marca,foto,9/11/2021,6103,124,6,1,17,53,46,7,0,6195,4892,721,0,338,9,4
post255,Foto de lookbook,carrossel,9/12/2021,8307,240,6,6,22,107,92,15,0,9717,9156,514,0,31,12,0
post256,AA,foto,9/12/2021,34868,1688,26,23,75,478,433,45,0,36155,24665,0,10365,647,157,34
post257,Foto de lookbook,foto,9/13/2021,7048,197,12,0,15,81,74,7,0,7155,4869,1261,0,568,18,8
post258,Foto de lookbook,carrossel,9/14/2021,8955,272,14,3,29,52,49,3,0,10947,9924,951,0,39,15,0
post259,Influencer,carrossel,9/14/2021,8978,425,17,2,12,141,123,18,0,10478,9422,816,0,180,36,4
post260,Institucional,foto,9/15/2021,2285,23,4,0,1,10,8,2,0,2444,1543,814,0,62,0,0
post261,Influencer,carrossel,9/15/2021,4626,117,6,5,12,57,50,7,0,5699,4556,948,0,164,16,0
post262,Foto de lookbook,carrossel,9/16/2021,10958,359,4,7,46,164,131,33,0,14124,12884,826,0,390,16,6
post263,AA,foto,9/17/2021,4794,96,0,0,11,31,30,1,0,4940,4239,675,8,0,17,0
post264,marca,foto,9/17/2021,9285,201,6,0,9,67,57,10,0,9727,8307,628,589,0,7,2
post265,Influencer,foto,9/18/2021,7842,184,4,2,20,52,45,7,0,8110,6749,543,454,0,12,6
post266,Institucional,foto,9/18/2021,6035,76,2,0,6,106,91,15,0,6059,5365,522,95,0,4,2
post267,Influencer,carrossel,9/19/2021,8773,173,4,1,22,118,101,17,0,9761,9357,373,17,0,5,0
post268,AA,foto,9/20/2021,6999,124,5,1,8,56,51,5,0,7045,6172,847,0,9,10,2
post269,Foto de lookbook,carrossel,9/21/2021,2240,33,0,1,8,23,20,3,0,2711,2028,620,0,60,3,4
post270,Influencer,foto,9/22/2021,2659,54,8,0,9,13,11,2,0,2871,2200,443,0,158,13,0
post271,Foto de lookbook,carrossel,9/23/2021,7094,168,11,11,18,98,81,17,0,8918,8385,302,0,204,18,0
post272,Foto de lookbook,carrossel,9/24/2021,3860,92,4,0,4,35,31,4,0,4604,4311,225,0,55,12,0
post273,Influencer,carrossel,9/25/2021,6244,129,6,3,3,68,52,16,0,7289,7065,171,0,42,9,4
post274,AA,foto,9/26/2021,9646,258,2,0,11,136,122,14,0,9845,9212,0,469,88,5,0
post275,Institucional,foto,9/27/2021,2234,16,2,0,0,18,12,6,0,2376,1990,350,22,0,1,0
post276,Influencer,reels,9/28/2021,2366,42,5,2,0,0,0,0,0,2388,0,0,0,0,0,0
post277,Foto de lookbook,carrossel,9/29/2021,2113,38,3,0,14,17,15,2,0,2586,2123,423,0,33,7,0
post278,Institucional,video,9/29/2021,4684,80,6,22,10,19,17,2,0,4812,4043,433,0,20,314,2
post279,Foto de lookbook,carrossel,9/30/2021,4837,142,2,2,16,52,46,6,0,6043,5539,393,0,97,9,0
post280,Influencer,carrossel,10/1/2021,3948,109,5,0,4,50,43,7,0,4895,4459,262,95,0,7,0
post281,Foto de lookbook,carrossel,10/2/2021,10263,283,7,4,13,149,124,25,0,12844,12312,142,311,0,7,2
post282,Institucional,foto,10/3/2021,2559,50,0,0,0,6,5,1,0,2724,2630,51,26,0,4,2
post283,AA,video,10/4/2021,696,8,0,0,5,3,2,1,0,1016,290,699,0,4,23,0
post284,Influencer,foto,10/4/2021,6164,139,3,0,4,40,36,4,0,6232,5213,750,183,0,12,0
post285,Institucional,foto,10/5/2021,3284,52,0,0,3,19,18,1,0,3393,2582,780,0,21,5,0
post286,Foto de lookbook,carrossel,10/6/2021,3815,122,9,2,11,51,42,9,0,4733,3726,901,70,0,10,2
post287,Influencer,reels,10/6/2021,5499,147,2,1,21,0,0,0,0,5539,0,0,0,0,0,0
post288,Foto de lookbook,carrossel,10/7/2021,16079,558,9,10,80,208,173,35,0,18735,17395,1055,240,0,24,0
post289,Influencer,carrossel,10/7/2021,3827,71,4,3,17,18,15,3,0,4369,3099,1197,54,0,13,0
post290,Foto de lookbook,carrossel,10/8/2021,5439,159,2,1,12,43,38,5,0,6292,5130,991,0,136,14,0
post291,AA,foto,10/8/2021,3834,62,0,0,4,27,21,6,0,3863,3066,734,0,32,4,0
post292,Foto de lookbook,carrossel,10/9/2021,8558,272,2,4,14,107,93,14,0,10667,9661,790,158,0,18,2
post293,Influencer,foto,10/10/2021,3319,41,0,0,3,26,20,6,0,3429,2446,801,0,141,10,0
post294,Foto de lookbook,carrossel,10/11/2021,13027,441,8,5,34,144,124,20,0,14736,13271,867,503,0,16,4
post295,Influencer,foto,10/12/2021,3900,76,6,1,14,63,58,5,0,4196,3045,987,94,0,30,16
post296,Foto de lookbook,carrossel,10/12/2021,3532,76,0,1,8,44,37,7,0,4215,3139,766,0,227,13,0
post297,Foto de lookbook,carrossel,10/13/2021,5786,167,0,0,12,77,65,12,0,6744,5885,650,106,0,11,0
post298,Institucional,video,10/13/2021,2811,57,11,0,4,15,12,3,0,3024,2430,496,0,68,29,2
post299,Influencer,carrossel,10/14/2021,6096,258,2,4,9,101,85,16,0,6948,5539,0,324,758,18,8
post300,AA,foto,10/15/2021,3770,56,0,0,2,44,35,9,0,3912,3550,177,0,152,4,0
post301,Foto de lookbook,carrossel,10/16/2021,3654,82,0,0,2,25,24,1,0,4458,4063,136,0,222,10,0
post302,Influencer,reels,10/17/2021,6037,118,1,2,8,0,0,0,0,6104,0,0,0,0,0,0
post303,Foto de lookbook,carrossel,10/18/2021,5151,147,2,1,13,55,51,4,0,5977,5030,499,0,342,9,0
post304,AA,foto,10/19/2021,3274,31,8,2,6,16,16,0,0,3416,2868,424,0,79,5,0
post305,Influencer,reels,10/19/2021,1212,41,1,7,0,0,0,0,0,1977,0,0,0,0,0,0
post306,Influencer,foto,10/20/2021,2937,43,5,2,21,26,21,5,0,3087,2255,598,0,166,18,0
post307,Foto de lookbook,carrossel,10/21/2021,2616,50,2,0,4,13,12,1,0,3221,2389,690,0,76,5,0
post308,Foto de lookbook,carrossel,10/21/2021,7374,205,6,2,18,108,94,13,1,8602,7095,572,0,751,14,6
post309,Influencer,carrossel,10/22/2021,4478,99,8,1,4,27,25,2,0,5086,4397,488,0,136,27,2
post310,Influencer,foto,10/23/2021,4505,60,4,0,4,38,34,4,0,4695,3871,393,0,328,17,0
post311,Foto de lookbook,carrossel,10/25/2021,5200,77,0,2,11,43,34,9,0,5815,4720,839,0,246,5,2
post312,Influencer,carrossel,10/26/2021,9612,311,4,3,36,116,103,13,0,10863,9279,818,0,468,14,8
post313,Informação de Moda,carrossel,10/27/2021,18878,612,2,5,32,188,170,18,0,21553,18419,0,1388,1142,10,12
post314,Foto de lookbook,carrossel,10/28/2021,3201,75,0,3,13,28,23,5,0,3842,2939,537,0,332,10,2
post315,reels,reels,10/28/2021,3386,60,1,2,11,0,0,0,0,1789,0,0,0,0,0,0
post316,Institucional,carrossel,10/29/2021,3630,46,0,0,5,26,21,5,0,4266,3783,412,0,60,2,0
post317,Influencer,carrossel,10/29/2021,6608,276,4,6,9,93,79,14,0,7485,6332,401,0,626,15,4
post318,Foto de lookbook,carrossel,10/30/2021,5313,97,5,1,3,46,39,7,0,5936,4827,289,0,741,9,2
post319,Institucional,video,10/31/2021,1977,24,8,0,1,8,7,1,0,2145,1784,226,0,34,100,0
post320,Foto de lookbook,carrossel,11/1/2021,4061,58,14,2,7,76,61,15,0,4713,2816,1702,0,131,16,2
post321,Foto de lookbook,carrossel,11/2/2021,10550,273,3,6,29,140,120,20,0,12435,9770,1804,0,695,20,2
post322,Influencer,reels,11/3/2021,3051,43,2,1,4,0,0,0,0,0,0,0,0,0,0,0
post323,Foto de lookbook,carrossel,11/4/2021,18386,405,25,20,44,442,356,86,0,23609,20061,2485,0,550,34,8
post324,Influencer,foto,11/5/2021,7583,87,4,2,11,41,36,5,0,8606,5508,2782,0,201,18,6
post325,Influencer,carrossel,11/8/2021,8333,247,36,32,76,170,141,29,0,9388,5038,3705,0,441,18,14
post326,Foto de lookbook,carrossel,11/9/2021,5496,64,6,0,5,47,42,5,0,6260,4197,1936,0,66,11,0
post327,Influencer,reels,11/11/2021,4659,89,3,3,16,0,0,0,0,5026,0,0,0,0,0,0
post328,Foto de lookbook,carrossel,11/12/2021,6831,101,4,8,14,61,49,12,0,7680,4478,3031,0,113,22,8
post329,Influencer,carrossel,11/13/2021,7243,148,4,3,17,72,66,6,0,8191,4740,3164,0,155,27,2
post330,Influencer,foto,11/14/2021,21754,593,7,14,34,259,237,22,0,22647,17316,2686,1852,0,50,4
post331,Foto de lookbook,carrossel,11/15/2021,4551,48,2,2,10,34,25,9,0,5164,3057,2012,0,47,15,0
post332,Institucional,carrossel,11/16/2021,5922,77,2,0,2,55,47,8,0,6364,4146,2116,0,80,9,0
post333,Influencer,carrossel,11/17/2021,10683,505,31,9,44,0,0,0,0,12079,6267,5068,0,522,91,0
post334,Foto de lookbook,carrossel,11/17/2021,5884,64,2,2,6,27,26,1,0,6238,2781,3443,7,0,7,0
post335,Influencer,foto,11/18/2021,13938,402,21,16,60,206,197,9,0,14742,9887,3344,1064,0,94,4
post336,Foto de lookbook,carrossel,11/18/2021,5917,77,4,0,4,39,33,6,0,6491,3659,2718,0,66,10,0
post337,Influencer,carrossel,11/19/2021,3893,49,4,1,20,23,19,4,0,4367,2430,1785,0,131,16,2
post338,Influencer,foto,11/20/2021,16940,1519,42,14,42,0,0,0,0,20298,15011,4978,,209,87,0
post339,foto de lookbook,carrossel,11/22/2021,3014,39,0,0,4,36,33,3,0,3478,2794,630,0,25,11,0
post340,foto de lookbook,carrossel,11/23/2021,5540,77,6,4,7,64,48,16,0,6299,4313,1858,0,70,8,4
post341,foto de lookbook,carrossel,11/23/2021,2859,21,2,0,1,23,21,2,0,3395,2546,744,0,77,7,0
post342,Influencer,carrossel,11/23/2021,4150,59,2,3,12,31,28,3,0,4634,2649,1865,77,0,18,1
post343,Foto de lookbook,carrossel,11/24/2021,4460,66,0,3,10,33,30,3,0,5123,3372,1700,28,0,5,0
post344,Foto de lookbook,carrossel,11/25/2021,3934,56,0,0,3,37,31,6,0,5051,4235,748,0,48,6,0
post345,Foto de lookbook,carrossel,11/25/2021,62700,726,16,26,88,2480,1716,0,0,92760,0,0,0,0,0,120
post346,Institucional,foto,11/27/2021,4714,43,0,1,3,182,135,47,0,4971,4148,716,91,0,1,2
post347,Institucional,carrossel,11/28/2021,9308,137,0,1,7,81,72,9,0,9571,9327,205,17,0,10,12
post348,Institucional,foto,11/29/2021,2441,23,0,0,6,43,33,10,0,2607,1722,852,0,24,2,0
post349,Foto de lookbook,carrossel,11/30/2021,13033,249,6,6,19,511,408,103,0,16160,15270,654,0,,,
post350,Influencer,carrossel,12/1/2021,35028,1890,84,30,40,221,198,23,0,41019,35014,4272,1234,0,54,34
post351,Influencer,reels,12/2/2021,6393,277,21,10,20,0,0,0,0,6909,0,0,0,0,0,0
post352,Foto de lookbook,foto,12/3/2021,12037,146,7,10,10,95,76,19,0,12561,9856,2377,210,0,8,2
post353,Influencer,foto,12/4/2021,11912,345,16,16,59,167,151,16,0,13828,11044,2311,0,229,45,6
post354,Foto de lookbook,carrossel,12/5/2021,6724,119,4,3,9,62,57,5,0,7742,5665,1786,0,170,10,4
post355,Foto de lookbook,carrossel,12/6/2021,4744,83,2,1,9,40,34,6,0,5411,3757,1508,0,89,14,2
post356,Foto de lookbook,carrossel,12/7/2021,3630,38,0,5,12,24,19,5,0,4025,1901,2064,0,29,11,0
post357,Influencer,reels,12/8/2021,2891,69,0,2,15,0,0,0,0,3455,0,0,0,0,0,0
post358,Influencer,carrossel,12/8/2021,81695,21041,434,138,336,0,0,0,0,101764,83768,15381,0,1243,1372,0
post359,Foto de lookbook,carrossel,12/9/2021,3702,48,9,3,7,23,20,3,0,4170,2754,1283,0,70,13,4
post360,Influencer,carrossel,12/10/2021,4607,116,8,13,27,57,46,11,0,5276,3829,1212,0,153,0,0
post361,Institucional,foto,12/12/2021,6478,39,4,7,3,39,34,5,0,6542,5212,1092,141,0,7,0
post362,Influencer,foto,12/13/2021,6185,131,10,8,29,74,68,6,0,6311,4934,1076,206,0,17,2
post363,Foto de lookbook,carrossel,12/14/2021,3802,70,0,3,5,45,34,11,0,4728,3810,835,0,68,4,0
post364,Foto de lookbook,carrossel,12/15/2021,7531,150,12,8,21,129,103,26,0,7852,6482,961,249,0,10,4
post365,Influencer,reels,12/15/2021,7993,415,19,9,21,0,0,0,0,8154,0,0,0,0,0,0
post366,Influencer,carrossel,12/16/2021,5581,110,6,6,10,48,47,1,0,6312,5241,832,0,166,9,4
post367,Foto de lookbook,carrossel,12/17/2021,7004,143,2,4,13,72,62,10,0,8215,7182,584,0,385,4,2
post368,Influencer,foto,12/18/2021,3607,54,4,3,2,20,17,2,0,3838,3202,450,144,0,4,0
post369,Informação de Moda,carrossel,12/19/2021,7899,232,6,11,27,63,53,7,2,9710,8826,414,331,0,16,0
post370,Foto de lookbook,carrossel,2021-12-20,18498,512,7,8,48,226,194,32,0,21654,18440,857,1802,0,16,2
post371,Influencer,reels,2021-12-21,12980,520,9,7,26,0,0,0,0,0,0,0,0,0,0,0
post372,Foto de lookbook,carrossel,2021-12-21,2950,52,0,1,7,14,13,1,0,3445,2648,723,0,37,8,0
post373,Influencer,carrossel,2021-12-22,2819,72,8,2,6,20,19,1,0,3151,2261,745,75,0,21,2
post374,Foto de lookbook,carrossel,2021-12-22,2788,46,5,1,10,26,21,5,0,3376,2364,831,0,102,11,2
post375,Influencer,carrossel,2021-12-23,3696,78,8,3,12,35,32,3,0,4366,3325,726,170,0,6,2
post376,AA,foto,2021-12-23,14461,378,6,44,15,51,42,9,0,14582,12727,617,1118,0,42,0
post377,Institucional,video,2021-12-24,2497,21,0,1,5,10,10,0,0,2755,1902,767,0,68,17,0
post378,Influencer,carrossel,2021-12-26,13293,327,3,4,21,132,118,14,0,16405,14046,874,1013,0,10,4
post379,Influencer,foto,2021-12-26,5130,70,0,2,11,38,32,6,0,5181,4149,793,0,132,5,2
post380,Foto de lookbook,carrossel,2021-12-27,3117,50,0,2,5,18,14,4,0,4071,3459,523,0,56,6,0
post381,Influencer,reels,2021-12-28,8625,249,10,10,5,0,0,0,0,0,0,0,0,0,0,0
post382,Foto de lookbook,carrossel,2021-12-29,5532,88,2,2,6,44,40,4,0,6415,5591,599,0,133,4,2
post383,Influencer,carrossel,2021-12-31,4291,78,0,4,7,38,32,6,0,5205,4569,521,0,99,7,0
post384,Institucional,Video/Gif,2022-01-01,2875,15,0,0,0,18,11,5,2,2989,2462,490,0,27,10,2
post385,Foto de lookbook,Video/Gif,2022-01-03,4017,63,6,2,5,27,22,5,0,4161,3640,503,4,0,13,0
post386,Influencer,video,2022-01-03,4425,135,5,6,12,0,0,0,0,0,0,0,0,0,0,0
post387,Foto de lookbook,carrossel,2022-01-04,4859,93,2,3,8,30,23,7,0,5632,4844,624,99,0,8,2
post388,Influencer,foto,2022-01-05,6223,159,6,3,11,63,56,7,0,6267,5192,594,320,0,9,6
post389,Foto de lookbook,carrossel,2022-01-05,3499,77,0,1,8,27,19,8,0,4139,3506,512,79,0,7,0
post390,Influencer,carrossel,2022-01-06,2408,39,0,0,5,17,15,2,0,2769,2258,429,59,0,6,2
post391,Foto de lookbook,video,2022-01-06,3624,42,0,0,3,72,61,11,0,3766,3351,338,0,60,16,0
post392,Influencer,carrossel,2022-01-07,4142,79,0,1,3,28,24,4,0,4169,3646,364,79,0,5,0
post393,Influencer,foto,2022-01-07,9656,193,20,4,18,197,148,49,0,11282,10720,360,143,0,9,0
post394,Foto de lookbook,carrossel,2022-01-09,11589,228,11,6,30,197,151,46,0,12701,11629,0,519,315,4,4
post395,Influencer,video,2022-01-09,3776,108,2,2,2,0,0,0,0,0,0,0,0,0,0,0
post396,Foto de lookbook,carrossel,2022-01-10,3549,55,0,4,1,143,98,45,0,4243,3437,662,84,0,9,0
post397,Influencer,video,2022-01-10,3094,66,2,4,10,0,0,0,0,0,0,0,0,0,0,0
post398,Foto de lookbook,carrossel,2022-01-11,4560,91,6,3,19,64,54,10,0,5400,4375,926,0,80,10,4
post399,Influencer,video,2022-01-12,3255,79,0,1,9,0,0,0,0,0,0,0,0,0,0,0
post400,Foto de lookbook,video,2022-01-12,1910,19,0,2,1,0,0,0,0,0,0,0,0,0,0,0
post401,Influencer,video,2022-01-14,4188,124,4,3,8,0,0,0,0,0,0,0,0,0,0,0
post402,Foto de lookbook,Reels,2022-01-14,1877,25,0,0,2,0,0,0,0,0,0,0,0,0,0,0
post403,Institucional,video,2022-01-15,3150,52,12,22,3,0,0,0,0,0,0,0,0,0,0,0
post404,Foto de lookbook,carrossel,2022-01-16,5014,111,2,2,12,57,46,11,0,5642,4842,573,131,0,8,2
post405,Foto de lookbook,carrossel,2022-01-17,3245,56,0,0,1,12,11,1,0,3783,3076,543,0,81,7,0
post406,Influencer,reels,2022-01-18,5814,245,4,2,11,0,0,0,0,0,0,0,0,0,0,0
post407,Foto de lookbook,carrossel,2022-01-19,2521,41,0,3,4,20,16,4,0,3045,2461,443,0,6,0,
post408,Foto de lookbook,carrossel,2022-01-19,1730,25,0,0,0,12,10,2,0,2182,1774,340,0,51,8,0
post409,Influencer,carrossel,2022-01-20,2093,40,0,4,3,0,0,0,0,0,0,0,0,0,0,0
post410,Influencer,carrossel,2022-01-21,15969,643,25,9,25,283,249,34,0,18152,15607,0,1611,607,13,14
post411,Foto de lookbook,carrossel,2022-01-22,4068,64,2,2,5,27,20,7,0,4798,4376,197,127,0,6,2
post412,Influencer,reels,2022-01-22,3873,98,3,3,2,0,0,0,0,0,0,0,0,0,0,0
post413,Foto de lookbook,carrossel,2022-01-24,5252,93,1,4,8,48,37,11,0,5958,5180,759,3,0,5,0
post414,Influencer,carrossel,2022-01-25,4664,91,4,5,13,39,32,7,0,5517,4753,748,6,0,7,2
post415,Influencer,Reels,2022-01-26,9177,447,27,12,24,0,0,0,0,0,0,0,0,0,0,0
post416,Institucional,vídeo/gif,2022-01-27,3329,53,1,6,7,67,54,13,0,4275,3772,497,1,0,5,0
post417,Foto de lookbook,carrossel,2022-01-28,2946,53,2,0,9,11,10,1,0,3701,3306,387,3,0,5,0
post418,Foto de lookbook,carrossel,2022-01-29,2772,37,2,2,5,10,8,2,0,3425,3023,397,1,0,3,0
post419,Influencer,reels,2022-01-29,4848,233,25,3,5,0,0,0,0,0,0,0,0,0,0,0
post420,Influencer,carrossel,2022-01-31,3783,70,0,6,19,25,22,3,0,4386,3276,1098,2,0,10,2
post421,Influencer,carrossel,2022-01-31,3847,73,4,5,10,24,22,2,0,4367,3332,1021,0,5,9,2
post422,Influencer,carrossel,2022-02-01,5139,134,5,3,14,41,37,4,0,5858,4982,858,0,7,7,0
post423,Influencer,reels,2022-02-01,5427,194,16,5,9,0,0,0,0,0,0,0,0,0,0,0
post424,Influencer,reels,2022-02-01,3309,71,17,2,12,0,0,0,0,0,0,0,0,0,0,0
post425,Influencer,carrossel,2022-02-02,14213,461,15,8,73,229,201,28,0,16726,15839,812,50,0,19,2
post426,Influencer,carrossel,2022-02-03,4340,132,6,5,23,83,66,17,0,5091,4453,614,18,0,6,0
post427,Influencer,reels,2022-02-03,1941,65,0,2,2,0,0,0,0,0,0,0,0,0,0,0
post428,Influencer,carrossel,2022-02-04,4626,103,7,3,3,30,27,3,0,5807,5503,283,5,0,15,0
post429,Influencer,reels,2022-02-05,4937,208,0,5,4,0,0,0,0,0,0,0,0,0,0,0
post430,influencer,foto,2022-02-05,11759,278,4,14,30,203,171,32,0,12590,12169,239,140,0,14,2
post431,Influencer,carrossel,2022-02-06,4173,70,4,11,1,34,31,3,0,4696,4537,143,7,0,5,2